sensor_id,timestamp,location,barometric_pressure,temperature,wind_direction,humidity,wind_speed,precipitation,soil_moisture,evapotranspiration,rainfall_duration,water_level,river_flow_rate,elevation,solar_radiation,groundwater_level,air_quality_index
TheOpCli0915,2024-12-29 18:08:20,Kamenge,884.38,-28.25,171.09,100.0,17.82,434.38,38.53,3.37,15.58,9.72,144.44,329.21,774.48,6.72,3.8
TheOpCli0915,2024-12-29 18:15:20,Cyaruzinge,1021.9,-3.54,300.47,5.25,14.53,527.07,17.79,7.69,9.16,7.4,100.47,1771.47,664.07,3.15,190.5
TheOpCli0915,2024-12-29 18:22:20,Gikondo,757.0,20.24,169.03,61.28,45.15,765.32,11.93,1.62,6.91,7.28,112.87,1721.25,252.76,9.1,11.28
TheOpCli0915,2024-12-29 18:29:20,Kicukiro Bus Park,745.74,-28.78,168.24,61.53,0.91,1138.24,59.28,1.06,7.89,4.39,22.1,1663.34,1476.29,19.6,461.28
TheOpCli0915,2024-12-29 18:36:20,Gikondo,866.81,-16.01,242.48,79.7,7.98,741.5,23.97,9.14,4.07,1.98,52.7,1142.97,662.7,9.67,306.71
TheOpCli0915,2024-12-29 18:43:20,Kicukiro Bus Park,730.72,0.84,151.86,2.06,45.75,167.76,27.08,2.12,5.9,2.71,211.94,678.84,579.21,15.83,175.45
TheOpCli0915,2024-12-29 18:50:20,Gikondo,693.95,43.07,78.22,65.84,19.52,826.49,32.57,6.65,13.12,2.43,13.28,2146.56,624.82,13.33,293.76
TheOpCli0915,2024-12-29 18:57:20,Cyaruzinge,863.73,6.64,217.27,79.81,29.54,828.14,48.65,7.11,1.65,8.4,115.92,2910.29,1424.82,11.47,276.82
TheOpCli0915,2024-12-29 19:04:20,Kamenge,884.65,35.39,155.95,42.21,24.17,664.2,21.28,2.02,17.71,7.08,171.53,2208.7,284.77,4.12,94.29
TheOpCli0915,2024-12-29 19:11:20,Kicukiro Bus Park,847.05,-11.01,333.79,73.34,5.51,750.54,10.82,1.94,3.72,7.73,268.85,1659.76,552.67,19.29,16.3
TheOpCli0915,2024-12-29 19:18:20,Kimicanga,711.76,39.79,352.3,35.99,47.88,475.45,21.6,2.03,2.66,0.04,134.94,658.83,185.48,2.37,294.66
TheOpCli0915,2024-12-29 19:25:49,Kigali City,887.9,51.14,215.24,95.63,20.31,487.77,68.26,8.59,0.58,9.86,82.05,910.06,530.28,14.97,51.07
TheOpCli0915,2024-12-29 19:32:49,Gikondo,939.18,51.8,177.86,93.32,10.95,906.96,60.17,4.45,14.09,0.04,2.13,2591.07,833.11,11.16,199.91
TheOpCli0915,2024-12-29 19:54:47,Kicukiro Bus Park,681.73,56.63,310.44,74.91,19.36,396.53,37.98,5.66,6.61,7.09,257.33,2259.68,60.9,5.91,296.26
TheOpCli0915,2024-12-29 20:01:47,Kimicanga,819.47,54.83,119.35,44.91,24.08,147.82,48.95,2.75,20.61,5.16,160.74,899.08,510.5,17.25,29.31
TheOpCli0915,2024-12-29 20:08:47,Cyaruzinge,854.98,-5.31,354.66,0.35,33.75,9.85,11.41,5.15,15.53,1.86,275.31,268.27,1469.32,8.48,416.65
TheOpCli0915,2024-12-29 20:15:47,Kimicanga,766.61,57.42,333.38,91.82,37.82,354.19,16.95,8.5,14.27,6.85,77.6,2037.04,826.89,2.97,274.02
TheOpCli0915,2024-12-29 20:22:47,Cyaruzinge,982.62,36.88,300.16,94.82,35.88,20.79,58.2,8.48,3.9,0.78,97.67,1784.61,529.75,13.74,14.32
TheOpCli0915,2024-12-29 20:29:47,Kamenge,813.21,49.47,338.16,53.41,8.03,798.49,24.82,4.0,10.14,5.78,185.44,540.6,302.0,0.02,315.7
TheOpCli0915,2024-12-29 20:36:47,Kimicanga,776.49,2.84,134.89,28.29,39.2,1048.93,36.29,5.72,7.14,0.41,135.81,434.05,1386.69,9.55,87.97
TheOpCli0915,2024-12-29 20:43:47,Kicukiro Bus Park,957.98,31.75,285.56,80.4,25.14,828.21,27.55,2.75,16.84,7.56,185.78,1772.52,274.62,13.33,5.25
TheOpCli0915,2024-12-29 20:50:47,Cyaruzinge,720.42,18.6,88.47,68.35,13.83,754.18,19.73,9.67,9.24,3.52,84.67,2169.41,194.06,17.47,350.41
TheOpCli0915,2024-12-29 20:57:47,Kabusunzu,1045.41,19.68,290.16,4.47,13.83,603.17,33.79,7.95,5.14,6.7,168.82,271.38,719.58,1.79,361.11
TheOpCli0915,2024-12-29 21:04:47,Gikondo,970.22,55.89,236.11,43.22,48.35,174.47,45.49,8.83,7.7,4.11,296.32,2021.86,1482.54,13.51,242.24
TheOpCli0915,2024-12-29 21:11:47,Kabusunzu,1048.33,28.86,60.57,71.37,32.7,657.04,33.16,2.69,10.91,9.2,27.01,2201.02,1372.06,1.92,456.5
TheOpCli0915,2024-12-29 21:18:47,Gikondo,727.98,-0.81,127.41,95.41,36.2,947.19,12.72,6.44,2.7,1.84,226.2,1919.28,241.23,9.53,26.81
TheOpCli0915,2024-12-29 21:25:47,Cyaruzinge,806.11,36.87,155.71,29.15,33.73,1035.76,18.49,9.69,9.52,9.36,59.74,1282.22,548.7,5.79,363.48
TheOpCli0915,2024-12-29 21:32:47,Kicukiro Bus Park,833.13,42.42,32.66,15.57,13.31,481.81,49.75,0.34,18.02,9.28,10.43,523.58,266.29,15.84,493.45
TheOpCli0915,2024-12-29 21:39:47,Kicukiro Bus Park,992.65,56.67,40.63,78.04,26.62,968.02,28.4,0.93,1.66,0.81,222.44,2929.14,359.84,8.62,278.25
TheOpCli0915,2024-12-29 21:46:47,Kicukiro Bus Park,843.01,30.28,119.15,10.86,5.92,212.8,56.09,6.98,14.99,9.41,48.26,2489.49,772.71,14.1,279.17
TheOpCli0915,2024-12-29 21:53:47,Gikondo,695.79,23.59,269.03,39.45,25.74,917.22,55.91,0.77,10.04,5.83,264.42,1420.95,56.42,7.38,235.07
TheOpCli0915,2024-12-29 22:00:47,Kamenge,728.07,-19.95,306.43,30.97,29.88,480.31,17.05,8.5,23.28,2.21,184.07,1383.07,150.19,9.31,425.99
TheOpCli0915,2024-12-29 22:07:47,Cyaruzinge,1028.2,34.82,12.62,73.79,29.56,291.03,63.87,4.6,19.09,5.73,12.95,1655.31,603.38,3.35,348.15
TheOpCli0915,2024-12-29 22:14:47,Gikondo,970.72,18.71,222.25,21.8,39.88,56.06,40.91,4.19,20.28,3.24,126.57,2115.22,1315.79,2.39,368.75
TheOpCli0915,2024-12-29 22:21:47,Kamenge,838.62,-20.81,244.59,72.79,29.94,985.78,25.69,5.38,16.18,9.58,105.56,1333.91,108.62,7.4,372.71
TheOpCli0915,2024-12-29 22:28:47,Kamenge,1008.23,-1.29,233.65,57.39,27.44,807.95,20.98,1.21,4.58,5.98,251.78,429.45,680.22,17.4,483.76
TheOpCli0915,2024-12-29 22:35:47,Kamenge,799.6,-11.89,125.62,83.77,34.11,107.48,17.18,7.98,17.62,7.52,32.37,2216.2,1198.84,4.91,101.4
TheOpCli0915,2024-12-29 22:42:47,Kigali City,789.68,23.13,23.66,98.14,49.26,396.31,42.02,4.96,0.63,7.51,297.87,1667.86,1323.45,19.98,461.46
TheOpCli0915,2024-12-29 22:49:47,Kicukiro Bus Park,733.23,37.06,316.5,26.06,2.59,1090.51,34.64,1.15,11.5,5.0,133.08,1840.96,509.25,17.23,495.72
TheOpCli0915,2024-12-29 22:56:47,Kigali City,751.54,3.76,296.73,33.17,28.41,27.67,12.99,4.71,12.56,0.76,54.93,1598.86,802.0,4.73,262.87
TheOpCli0915,2024-12-29 23:03:47,Cyaruzinge,738.58,1.9,242.9,15.18,27.95,659.13,37.53,5.43,15.86,1.23,108.54,2663.11,693.45,10.4,21.1
TheOpCli0915,2024-12-29 23:10:47,Kicukiro Bus Park,738.95,-4.39,90.67,85.4,17.66,632.1,29.81,0.55,11.95,3.65,144.73,1064.06,275.48,6.63,461.58
TheOpCli0915,2024-12-29 23:17:47,Gikondo,811.64,12.68,46.05,5.21,23.11,78.94,53.84,5.73,12.41,7.59,222.15,1644.5,657.2,4.66,80.71
TheOpCli0915,2024-12-29 23:24:47,Kabusunzu,821.97,-28.84,350.0,91.17,49.65,807.95,52.81,1.43,17.4,5.59,267.54,1246.19,1127.47,14.47,417.36
TheOpCli0915,2024-12-29 23:31:47,Kigali City,1032.64,20.06,341.03,66.91,8.84,740.8,26.52,9.73,8.66,2.0,46.91,1030.22,837.7,15.96,326.68
TheOpCli0915,2024-12-29 23:38:47,Kicukiro Bus Park,973.18,36.23,63.29,17.4,47.58,94.49,50.45,5.17,21.53,7.95,198.1,2460.98,619.39,11.34,433.52
TheOpCli0915,2024-12-29 23:45:47,Cyaruzinge,698.32,33.1,224.42,46.34,2.81,308.81,54.9,5.06,3.93,3.98,121.04,905.01,1181.95,13.61,390.37
TheOpCli0915,2024-12-29 23:52:47,Kicukiro Bus Park,810.5,29.0,281.5,30.81,27.86,331.6,30.79,5.59,12.7,3.84,274.28,675.52,259.84,6.74,153.41
TheOpCli0915,2024-12-29 23:59:47,Kimicanga,900.55,-13.4,9.3,62.17,42.96,895.93,50.41,4.53,0.03,9.77,129.18,122.7,751.28,6.34,470.86
TheOpCli0915,2024-12-30 00:06:47,Gikondo,706.36,4.62,252.36,27.39,34.91,1050.12,23.26,7.19,17.13,8.95,30.95,384.81,1467.11,6.39,462.83
TheOpCli0915,2024-12-30 00:13:47,Gikondo,858.77,4.59,223.11,45.17,38.99,607.99,56.28,3.6,9.78,8.24,255.73,1808.84,173.72,19.51,324.68
TheOpCli0915,2024-12-30 00:20:47,Kigali City,692.34,57.91,100.99,33.1,18.94,441.29,59.06,5.73,16.85,4.2,4.95,2941.03,605.4,6.98,134.15
TheOpCli0915,2024-12-30 00:27:47,Kicukiro Bus Park,1006.26,56.02,358.06,14.3,13.58,46.54,46.54,4.27,3.4,6.41,37.58,1802.46,1183.92,10.06,244.84
TheOpCli0915,2024-12-30 00:34:47,Gikondo,716.24,33.3,200.33,86.05,24.04,84.07,56.81,7.26,3.26,3.86,67.62,2330.25,1114.03,19.57,110.02
TheOpCli0915,2024-12-30 00:41:47,Gikondo,1029.33,45.81,358.28,14.55,10.9,816.42,56.07,6.23,10.28,2.74,193.24,1958.32,146.93,9.22,293.36
TheOpCli0915,2024-12-30 00:48:47,Kamenge,826.84,-10.76,320.72,11.55,11.67,416.68,64.19,1.55,4.02,9.99,251.18,1707.65,457.75,13.12,8.17
TheOpCli0915,2024-12-30 00:55:47,Gikondo,796.79,-6.1,104.05,90.11,14.95,840.64,13.26,2.57,18.97,2.4,168.96,2234.38,1082.43,14.86,78.68
TheOpCli0915,2024-12-30 01:02:47,Kigali City,941.76,33.13,177.37,3.7,10.9,364.14,54.31,9.38,21.8,5.39,160.5,389.25,187.5,4.06,325.66
TheOpCli0915,2024-12-30 01:09:47,Cyaruzinge,704.07,34.18,184.42,97.91,42.02,167.73,51.69,4.03,16.33,9.4,26.85,503.21,966.8,14.65,372.38
TheOpCli0915,2024-12-30 01:16:47,Gikondo,1022.9,17.25,217.82,79.39,47.84,787.72,40.87,9.59,4.49,6.12,106.09,2882.19,1018.43,3.62,187.38
TheOpCli0915,2024-12-30 01:23:47,Cyaruzinge,788.68,-20.38,137.38,50.62,2.24,869.98,44.45,7.33,7.5,7.54,167.29,1480.92,731.53,6.19,34.76
TheOpCli0915,2024-12-30 01:30:47,Gikondo,1012.04,-8.52,44.84,70.44,4.08,885.05,55.53,2.08,2.98,4.51,148.02,1834.4,1063.02,17.42,59.82
TheOpCli0915,2024-12-30 01:37:47,Kamenge,955.43,16.43,7.57,39.59,46.39,699.14,15.67,8.87,0.76,5.29,134.55,1695.9,107.37,11.6,98.75
TheOpCli0915,2024-12-30 01:44:47,Cyaruzinge,1015.71,-24.32,236.98,66.07,42.7,73.34,24.73,5.79,20.06,0.26,207.02,97.85,1411.51,2.42,54.97
TheOpCli0915,2024-12-30 01:51:47,Kicukiro Bus Park,890.29,22.43,148.45,30.33,35.31,410.77,64.73,1.24,17.34,3.34,273.94,44.81,44.86,13.12,211.16
TheOpCli0915,2024-12-30 01:58:47,Kamenge,947.43,36.44,173.08,22.53,22.43,892.38,45.66,1.74,23.94,5.92,182.04,1193.14,1458.11,1.98,448.86
TheOpCli0915,2024-12-30 02:05:47,Cyaruzinge,765.1,26.38,145.58,95.76,22.9,378.58,41.3,4.2,23.68,9.69,257.27,1978.96,187.78,5.38,455.95
TheOpCli0915,2024-12-30 02:12:47,Gikondo,1001.97,4.15,216.3,26.82,25.39,256.27,18.03,8.04,7.54,1.13,20.65,2852.28,673.59,17.32,220.5
TheOpCli0915,2024-12-30 02:19:47,Kamenge,963.43,19.36,250.94,46.24,6.4,190.75,47.48,5.03,2.77,1.94,137.89,537.8,860.34,10.73,186.15
TheOpCli0915,2024-12-30 02:26:47,Kicukiro Bus Park,710.5,0.41,265.27,76.37,49.21,977.63,22.23,3.16,4.24,7.72,5.61,1197.43,1357.55,8.78,113.38
TheOpCli0915,2024-12-30 02:33:47,Kabusunzu,712.29,-10.49,219.03,72.84,33.73,168.58,64.72,8.14,16.7,9.55,149.63,1931.05,523.05,1.08,292.82
TheOpCli0915,2024-12-30 02:40:47,Gikondo,923.87,-22.96,146.52,50.75,47.84,917.35,56.08,3.93,5.79,0.41,220.24,1683.13,860.55,16.68,320.05
TheOpCli0915,2024-12-30 02:47:47,Kigali City,958.1,23.54,66.75,88.6,22.87,1065.43,55.47,2.63,9.89,4.5,84.79,2134.03,688.45,5.64,240.04
TheOpCli0915,2024-12-30 02:54:47,Kicukiro Bus Park,837.6,-16.69,13.09,95.94,39.3,639.93,22.76,2.47,23.33,2.79,194.09,67.71,1023.48,11.08,494.17
TheOpCli0915,2024-12-30 03:01:47,Kimicanga,914.74,30.08,33.94,27.72,45.93,229.58,12.3,5.6,2.0,6.73,226.27,654.25,769.03,7.7,114.17
TheOpCli0915,2024-12-30 03:08:47,Cyaruzinge,983.89,44.0,29.38,34.78,5.25,99.37,25.65,2.53,12.0,2.35,49.06,765.66,1020.78,7.27,476.57
TheOpCli0915,2024-12-30 03:15:47,Kabusunzu,1021.87,40.41,274.07,70.09,22.92,565.33,19.1,3.85,0.92,8.29,168.64,1205.95,1225.47,14.03,32.48
TheOpCli0915,2024-12-30 03:22:48,Kabusunzu,975.81,22.66,155.95,95.45,48.24,771.74,63.59,8.98,14.12,8.95,103.19,1.32,1463.82,4.21,197.48
TheOpCli0915,2024-12-30 03:29:48,Kabusunzu,709.96,16.91,3.33,97.97,23.64,510.69,22.23,1.67,20.14,2.91,45.23,2945.37,745.54,2.53,241.06
TheOpCli0915,2024-12-30 03:36:48,Kigali City,695.2,4.22,137.48,61.56,24.64,991.28,54.45,2.31,2.68,3.37,258.63,590.23,1331.16,7.58,4.88
TheOpCli0915,2024-12-30 03:43:47,Kigali City,997.47,-11.64,49.9,69.28,33.29,1028.27,13.29,7.19,13.52,6.61,283.03,1222.27,1414.92,7.39,281.8
TheOpCli0915,2024-12-30 03:50:47,Kigali City,723.9,33.19,62.8,62.35,37.29,1145.17,52.78,0.26,21.72,3.98,10.17,2720.59,12.47,13.45,112.11
TheOpCli0915,2024-12-30 03:57:47,Kabusunzu,953.7,59.62,80.65,42.88,26.87,341.58,49.57,1.94,10.95,7.05,203.43,2416.88,1119.37,18.27,202.45
TheOpCli0915,2024-12-30 04:04:47,Kabusunzu,864.03,2.4,213.0,1.6,24.4,868.52,49.95,3.28,3.03,2.86,90.14,1238.32,1099.87,19.32,357.43
TheOpCli0915,2024-12-30 04:11:47,Gikondo,737.04,-29.63,218.97,44.82,20.59,333.87,59.42,8.44,10.51,8.43,87.6,493.4,354.76,0.7,484.93
TheOpCli0915,2024-12-30 04:18:47,Kabusunzu,828.15,-8.55,118.53,67.47,2.39,724.39,59.67,8.72,16.49,5.76,12.87,2344.28,31.09,0.74,2.63
TheOpCli0915,2024-12-30 04:25:47,Kicukiro Bus Park,806.28,56.85,232.45,81.15,37.43,1077.03,59.02,3.71,22.94,2.07,78.54,1008.08,257.9,11.8,439.53
TheOpCli0915,2024-12-30 04:32:47,Gikondo,1024.59,-16.3,163.71,45.05,33.97,770.86,25.6,8.28,19.26,5.34,68.9,2196.34,606.34,2.84,396.71
TheOpCli0915,2024-12-30 04:39:47,Gikondo,962.11,21.32,151.9,26.4,35.94,288.91,39.23,1.04,1.94,4.26,0.79,564.8,1440.78,13.02,246.24
TheOpCli0915,2024-12-30 04:46:47,Kicukiro Bus Park,738.7,-21.68,45.92,24.48,0.93,364.89,37.9,7.39,10.25,5.02,62.69,1073.65,45.71,13.9,372.8
TheOpCli0915,2024-12-30 04:53:47,Kicukiro Bus Park,894.2,-5.55,32.91,29.04,12.3,1004.44,65.74,3.86,11.39,6.05,8.65,2279.08,825.67,5.19,201.45
TheOpCli0915,2024-12-30 05:00:47,Kicukiro Bus Park,1012.88,-7.87,110.7,62.2,2.88,1007.28,51.07,4.25,19.59,1.46,150.14,2881.21,808.37,16.38,239.95
TheOpCli0915,2024-12-30 05:07:48,Kabusunzu,977.13,37.04,218.8,39.58,15.57,267.92,63.15,8.5,14.04,7.61,280.31,1002.37,1396.9,7.34,212.94
TheOpCli0915,2024-12-30 05:14:48,Kabusunzu,891.87,25.99,143.17,84.69,43.83,725.75,26.77,3.99,23.25,4.28,35.78,1776.32,433.35,3.23,44.34
TheOpCli0915,2024-12-30 05:21:48,Kamenge,698.08,30.56,265.77,30.42,49.21,443.2,61.36,7.46,4.31,8.19,131.42,2630.11,500.18,8.18,351.76
TheOpCli0915,2024-12-30 05:28:48,Cyaruzinge,986.53,52.55,72.02,21.9,39.63,649.95,57.18,7.36,7.05,6.42,277.06,851.36,307.24,3.56,382.87
TheOpCli0915,2024-12-30 05:35:48,Gikondo,890.64,-6.77,276.59,78.1,47.74,1163.34,67.06,1.7,23.12,1.82,187.91,1461.69,167.52,4.53,449.35
TheOpCli0915,2024-12-30 05:42:48,Kabusunzu,1031.03,14.53,137.4,5.23,47.9,499.58,63.13,2.69,9.2,7.2,173.51,1130.66,134.8,1.11,266.37
TheOpCli0915,2024-12-30 05:49:48,Kimicanga,982.35,29.74,188.66,57.47,9.65,137.5,62.68,7.89,12.66,9.71,7.01,1015.94,422.94,16.36,494.85
TheOpCli0915,2024-12-30 05:56:48,Cyaruzinge,995.81,-18.41,52.76,53.55,3.97,699.34,19.71,6.99,17.67,3.84,137.84,2593.15,276.2,14.5,26.21
TheOpCli0915,2024-12-30 06:03:48,Kicukiro Bus Park,735.22,-1.76,62.52,29.13,35.84,978.02,11.73,2.32,18.37,2.81,88.84,57.3,526.19,7.83,38.19
TheOpCli0915,2024-12-30 06:10:48,Cyaruzinge,763.47,55.55,199.36,48.5,38.03,966.27,33.41,4.13,16.09,3.72,243.59,2070.41,732.09,4.21,495.63
TheOpCli0915,2024-12-30 06:17:48,Kigali City,836.6,46.01,189.2,22.92,43.76,358.73,64.97,1.49,8.21,2.15,221.8,2349.67,800.79,9.16,88.71
TheOpCli0915,2024-12-30 06:24:48,Kimicanga,778.01,37.93,183.04,40.14,42.3,190.18,30.93,2.86,6.92,5.41,74.49,1926.72,998.12,10.35,38.17
TheOpCli0915,2024-12-30 06:31:48,Gikondo,1005.93,0.71,55.14,75.9,40.47,251.11,52.29,8.32,23.69,0.17,97.3,327.25,70.96,10.73,81.95
TheOpCli0915,2024-12-30 06:38:48,Kigali City,961.34,9.02,143.11,91.18,34.83,1013.35,32.66,2.86,0.29,9.46,276.32,348.52,1448.06,15.76,334.55
TheOpCli0915,2024-12-30 06:45:48,Kabusunzu,702.23,44.77,10.94,41.58,23.45,1078.3,15.07,1.33,12.54,0.5,32.0,1743.54,619.34,3.59,191.55
TheOpCli0915,2024-12-30 06:52:48,Kigali City,1033.93,-22.64,225.89,84.87,5.03,88.06,62.38,9.42,9.38,3.83,102.94,2740.02,740.9,12.36,134.78
TheOpCli0915,2024-12-30 06:59:48,Gikondo,924.07,-26.03,1.69,46.39,28.98,513.99,69.52,6.86,10.83,3.82,67.51,837.73,1385.34,10.31,325.67
TheOpCli0915,2024-12-30 07:06:48,Kicukiro Bus Park,899.27,-5.73,155.51,50.2,13.5,887.37,41.49,4.99,4.93,1.81,139.03,250.64,642.17,19.54,94.51
TheOpCli0915,2024-12-30 07:13:48,Kimicanga,783.74,-0.22,287.78,90.55,16.2,140.07,17.77,7.39,1.69,0.9,24.06,604.06,308.21,16.79,171.81
TheOpCli0915,2024-12-30 07:20:48,Cyaruzinge,923.47,48.48,309.54,21.04,43.86,896.83,38.29,0.1,23.92,1.69,159.22,696.44,938.64,18.47,92.3
TheOpCli0915,2024-12-30 16:19:45,Gisozi,875.26,5.99,109.21,66.82,26.32,168.94,32.32,9.37,4.42,2.38,276.19,678.77,1318.66,2.86,194.94
TheOpCli0915,2024-12-30 16:26:45,Kabeza,983.63,56.12,275.57,58.46,44.06,417.92,55.42,8.25,10.27,6.78,163.85,1602.18,1286.7,17.75,79.83
TheOpCli0915,2024-12-30 16:33:45,Kabeza,976.93,20.49,92.73,17.84,2.7,1043.25,20.14,8.82,20.85,1.65,177.02,2965.94,763.63,6.08,471.95
TheOpCli0915,2024-12-30 16:40:45,Camp Kigali,762.59,50.15,155.36,1.22,38.01,1080.42,21.14,4.16,7.38,5.62,291.83,2426.38,574.02,16.94,74.49
TheOpCli0915,2024-12-30 16:47:45,Gatenga,749.98,55.31,122.62,73.94,5.2,583.84,13.65,1.43,9.4,4.58,199.08,2206.17,683.1,2.71,484.41
TheOpCli0915,2024-12-30 16:54:45,Muhima,890.21,39.6,115.03,71.84,0.49,829.07,12.33,8.21,20.12,6.49,95.96,1756.63,1474.43,5.81,129.18
TheOpCli0915,2024-12-30 17:01:45,Gisozi,899.74,53.98,108.29,78.7,19.22,159.57,41.85,2.37,11.68,9.57,157.44,991.63,443.27,9.61,458.65
TheOpCli0915,2024-12-30 17:08:45,Kigali Genocide Memorial,694.51,17.29,176.25,68.13,0.67,484.91,39.02,5.27,11.27,3.24,125.67,1330.77,1202.88,7.85,202.21
TheOpCli0915,2024-12-30 17:15:45,Kabeza,982.98,-17.25,234.05,99.21,1.74,61.77,57.92,9.64,4.81,8.88,86.23,780.49,1078.8,2.68,133.33
TheOpCli0915,2024-12-30 17:22:45,Gatenga,710.49,-8.93,212.78,67.68,3.19,948.85,32.05,4.04,12.17,5.08,263.55,1566.12,686.4,18.0,392.98
TheOpCli0915,2024-12-30 17:29:45,Gisozi,844.69,-11.85,157.54,24.77,49.63,215.98,25.73,0.27,7.48,4.26,144.63,1570.19,585.1,7.03,149.33
TheOpCli0915,2024-12-30 17:36:45,Mageragere,724.66,-6.13,81.01,32.05,37.69,547.81,49.48,7.42,19.89,8.69,201.07,1807.33,421.58,1.19,75.82
TheOpCli0915,2024-12-30 17:43:45,Muhima,912.03,11.5,352.17,34.16,39.79,1051.67,24.23,1.59,12.72,8.94,118.46,1974.54,1197.52,9.42,317.46
TheOpCli0915,2024-12-30 17:50:45,Camp Kigali,753.69,-29.68,69.71,59.74,29.58,938.88,20.81,0.12,7.1,6.75,3.76,1093.37,930.08,15.68,280.82
TheOpCli0915,2024-12-30 17:57:45,Camp Kigali,787.68,18.45,334.24,29.29,31.92,1133.54,47.66,4.14,23.65,7.24,34.74,2505.11,563.57,9.65,34.52
TheOpCli0915,2024-12-30 18:04:45,Mageragere,829.85,22.96,21.23,53.78,47.87,188.79,12.18,0.66,3.11,7.53,35.71,1624.2,262.29,10.06,94.42
TheOpCli0915,2024-12-30 18:11:45,Gatenga,914.43,4.41,304.18,77.58,46.02,118.38,41.44,5.92,3.49,3.99,74.47,2451.92,1329.25,3.19,366.89
TheOpCli0915,2024-12-30 18:18:45,Kabeza,803.12,47.8,264.23,53.7,40.98,65.9,13.93,3.66,20.11,3.9,286.06,1772.73,440.53,2.56,311.87
TheOpCli0915,2024-12-30 18:25:45,Kabeza,908.15,1.29,28.53,14.06,10.72,415.4,34.43,6.99,2.85,5.59,281.21,1279.04,421.42,9.83,383.76
TheOpCli0915,2024-12-30 18:32:45,Muhima,807.33,-13.45,16.64,35.11,43.69,903.13,66.56,0.38,13.59,0.67,171.87,1497.38,1047.09,12.07,204.15
TheOpCli0915,2024-12-30 18:39:45,Camp Kigali,746.36,0.28,69.51,28.76,1.4,662.67,17.51,7.48,0.4,6.12,44.25,345.31,1032.38,16.45,14.81
TheOpCli0915,2024-12-30 18:46:45,Gatenga,760.34,-4.54,5.62,33.74,48.64,14.19,26.84,5.5,13.51,1.25,109.97,1192.66,101.67,10.33,188.73
TheOpCli0915,2024-12-30 18:53:45,Kigali Genocide Memorial,829.06,50.62,304.94,56.02,25.8,102.56,34.83,3.32,2.81,8.97,259.84,1412.97,664.04,16.37,378.31
TheOpCli0915,2024-12-30 19:00:45,Mageragere,994.81,-18.11,131.94,91.92,1.45,598.1,51.31,3.08,22.41,4.61,27.9,1958.02,729.34,6.88,153.5
TheOpCli0915,2024-12-30 19:07:45,Kigali Genocide Memorial,753.34,-7.24,55.94,19.67,35.05,668.74,16.69,6.95,18.78,3.74,270.46,2452.07,840.94,3.2,301.27
TheOpCli0915,2024-12-30 19:14:45,Gatenga,945.36,-8.91,48.08,95.73,46.55,566.94,49.04,1.29,22.67,6.52,187.49,2865.64,1195.02,3.69,343.36
TheOpCli0915,2024-12-30 19:21:45,Gatenga,778.36,-5.92,324.28,88.65,21.88,479.57,49.67,8.45,5.88,8.58,37.97,1548.15,1364.47,1.57,284.45
TheOpCli0915,2024-12-30 19:28:45,Gisozi,910.56,18.64,75.87,22.48,29.38,590.59,30.0,3.89,13.42,8.78,266.96,1637.92,470.05,1.13,311.13
TheOpCli0915,2024-12-30 19:35:45,Mageragere,686.66,16.48,80.93,21.92,1.49,1036.81,24.85,7.81,5.94,4.67,35.59,354.19,455.79,13.06,83.33
TheOpCli0915,2024-12-30 19:42:45,Gisozi,703.38,16.18,316.08,97.17,5.54,286.21,22.24,8.7,10.44,0.79,267.0,2686.69,917.76,5.59,94.42
TheOpCli0915,2024-12-30 19:49:45,Camp Kigali,851.15,12.86,235.38,35.34,30.1,776.48,34.77,4.58,20.32,4.02,122.06,454.5,430.05,4.26,476.26
TheOpCli0915,2024-12-30 19:56:45,Gisozi,758.23,20.84,148.34,57.79,30.68,419.24,33.57,5.67,0.31,7.38,111.76,1070.08,1145.53,12.7,355.75
TheOpCli0915,2024-12-30 20:03:45,Mageragere,876.36,24.42,315.33,90.04,27.15,74.84,34.79,5.98,0.54,3.33,147.35,2978.21,1298.28,8.96,35.19
TheOpCli0915,2024-12-30 20:10:45,Gisozi,835.34,10.62,93.86,9.31,49.79,885.91,35.37,4.48,5.66,6.23,102.37,227.34,116.84,17.64,255.36
TheOpCli0915,2024-12-30 20:17:45,Camp Kigali,890.06,15.42,153.82,63.06,20.01,776.96,21.33,1.06,23.06,1.75,94.63,2889.24,497.58,3.27,83.53
TheOpCli0915,2024-12-30 20:24:45,Camp Kigali,950.4,10.73,138.63,37.3,13.66,661.77,52.43,2.15,10.13,1.73,260.48,859.15,213.78,5.3,176.2
TheOpCli0915,2024-12-30 20:31:45,Kigali Genocide Memorial,970.23,-21.33,275.2,46.99,16.96,456.9,53.92,3.29,12.79,4.6,96.49,1380.13,363.97,0.93,321.5
TheOpCli0915,2024-12-30 20:38:45,Gatenga,930.07,49.22,272.89,26.94,47.67,87.71,36.14,7.5,10.17,8.64,182.89,1213.89,1055.58,10.3,228.85
TheOpCli0915,2024-12-30 20:45:45,Muhima,716.05,28.25,206.62,3.88,39.44,1058.87,61.14,7.36,19.96,8.35,237.01,367.81,119.77,7.31,289.59
TheOpCli0915,2024-12-30 20:52:45,Kabeza,778.95,-25.34,320.82,56.14,13.97,800.45,22.36,9.61,8.68,1.98,260.08,1425.68,1483.33,9.08,200.01
TheOpCli0915,2024-12-30 20:59:45,Gatenga,917.38,-1.97,49.75,95.96,3.24,7.41,42.38,8.44,17.48,0.41,89.93,1569.01,504.36,15.38,394.99
TheOpCli0915,2024-12-30 21:06:45,Gatenga,768.22,43.25,57.99,4.73,17.55,57.5,46.76,3.38,18.87,2.59,166.23,1393.81,1445.57,12.46,232.38
TheOpCli0915,2024-12-31 02:41:54,Kimisagara,1030.07,-3.26,276.55,46.86,39.45,410.29,69.6,0.18,20.02,1.73,241.38,1195.47,1052.58,12.44,162.11
TheOpCli0915,2024-12-31 02:48:54,Rebero,808.96,57.51,304.14,82.44,24.92,671.08,24.04,0.79,2.74,6.24,12.13,1448.29,144.83,19.49,81.03
TheOpCli0915,2024-12-31 02:55:54,Gatenga,874.19,36.51,147.05,95.07,10.77,28.49,59.47,7.96,16.41,6.04,252.36,2825.48,58.23,6.95,95.73
TheOpCli0915,2024-12-31 03:02:54,Rebero,747.82,-24.1,128.27,27.11,36.63,251.11,54.98,0.91,20.02,5.18,109.21,2643.44,49.43,2.65,19.54
TheOpCli0915,2024-12-31 03:09:54,Mageragere,719.58,2.91,236.48,67.45,41.57,10.69,30.13,6.89,11.02,2.83,184.82,72.42,618.29,9.24,124.46
TheOpCli0915,2024-12-31 03:16:54,Gatenga,764.14,45.46,34.5,91.22,10.76,316.11,21.17,2.23,10.79,8.75,146.39,1055.91,1420.71,14.65,298.9
TheOpCli0915,2024-12-31 03:23:54,Gikondo,944.46,18.08,298.26,21.55,1.59,186.1,38.19,9.5,6.13,0.96,174.93,2980.82,1082.29,3.7,310.56
TheOpCli0915,2024-12-31 03:30:54,Rebero,873.84,30.51,30.3,93.7,0.09,371.77,52.45,1.39,22.85,8.75,149.57,1951.57,283.96,1.54,489.68
TheOpCli0915,2024-12-31 03:37:54,Rebero,851.69,30.11,309.67,9.95,22.29,1149.35,27.07,7.82,9.41,7.82,41.82,1801.74,611.1,8.55,346.34
TheOpCli0915,2024-12-31 03:44:54,Rebero,730.93,10.72,286.15,71.54,28.59,936.3,66.81,9.81,15.42,5.61,80.49,852.79,947.71,17.34,448.65
TheOpCli0915,2024-12-31 03:51:54,Gikondo,866.61,45.97,27.98,11.84,4.8,950.61,52.1,6.08,1.23,9.87,155.11,23.05,714.47,10.62,429.69
TheOpCli0915,2024-12-31 03:58:54,Mageragere,1030.38,-18.62,274.43,8.01,6.24,859.04,35.2,4.41,12.17,2.22,137.24,1857.68,1214.42,13.62,253.28
TheOpCli0915,2024-12-31 04:05:54,Mageragere,769.35,13.04,236.33,28.67,8.89,86.13,44.92,2.42,8.18,1.41,143.84,1836.97,1190.2,12.17,470.38
TheOpCli0915,2024-12-31 04:12:54,Mageragere,772.06,21.07,19.73,31.27,2.77,610.97,68.3,1.46,9.04,6.95,70.38,131.4,1204.01,3.57,183.85
TheOpCli0915,2024-12-31 04:19:54,Rebero,848.65,42.65,19.5,8.39,2.1,1153.44,14.37,6.9,13.22,3.46,186.46,378.97,343.48,6.83,215.84
TheOpCli0915,2024-12-31 04:26:54,Rebero,741.6,59.19,169.89,64.55,48.4,551.72,61.24,6.83,10.62,2.55,59.03,1506.83,908.44,11.21,430.39
TheOpCli0915,2024-12-31 04:33:54,Rebero,981.13,-12.32,299.26,69.07,8.79,599.99,61.76,5.68,22.78,0.81,208.52,293.63,147.59,1.87,194.07
TheOpCli0915,2024-12-31 04:40:54,Nyakabanda,759.54,38.64,212.29,39.57,12.5,1003.53,55.08,0.11,2.78,3.89,227.92,1449.52,1119.99,4.3,266.47
TheOpCli0915,2024-12-31 04:47:54,Mageragere,796.81,0.86,186.54,76.37,31.01,240.78,32.31,6.56,21.67,6.99,150.73,1541.01,599.18,0.47,240.39
TheOpCli0915,2024-12-31 04:54:54,Kigali City,820.81,-16.84,177.6,5.31,46.52,842.25,53.07,9.41,3.99,7.35,137.73,2260.72,1155.15,5.78,347.24
TheOpCli0915,2024-12-31 05:01:54,Gatenga,954.26,4.48,296.48,12.17,38.53,199.96,55.67,7.43,2.27,6.74,52.63,2360.68,687.28,11.15,427.64
